school;sex;age;address;famsize;Pstatus;Medu;Fedu;Mjob;Fjob;reason;guardian;traveltime;studytime;failures;schoolsup;famsup;paid;activities;nursery;higher;internet;romantic;famrel;freetime;goout;Dalc;Walc;health;absences;G1;G2;G3
GP;F;18;U;GT3;A;4.0;4.0;at_home;teacher;course;mother;2;2;0;yes;N;no;no;yes;yes;no;no;4;3;4;1;1;3;6;5;6;6
GP;F;17;U;GT3;T;1.0;1.0;at_home;other;course;father;1;2;0;no;yes;no;no;no;yes;yes;No;5;3;3;1;1;3;4;5;5;6
GP;F;15;U;LE3;T;;1.0;at_home;other;other;mother;1;2;3;yes;no;yes;N;Yes;yes;yes;no;4;3;2;2;3;3;10;7;8;10
GP;F;15;U;GT3;T;4.0;2.0;health;services;home;mother;1;3;0;no;yes;yes;yes;yes;yes;Yes;Yes;3;2;2;1;1;5;2;15;14;15
GP;F;16;U;GT3;T;3.0;3.0;other;other;home;father;1;2;0;no;yes;yes;no;Y;yes;no;no;4;3;2;1;2;5;4;6;10;10
GP;M;16;U;LE3;T;4.0;3.0;services;other;reputation;mother;1;2;0;no;yes;yes;yes;yes;yes;yes;no;5;4;2;1;2;5;10;15;15;15
GP;M;16;U;LE3;T;2.0;2.0;other;other;home;mother;1;2;0;No;no;no;no;yes;yes;;no;4;4;4;1;1;3;0;12;12;11
GP;F;17;U;GT3;A;4.0;4.0;other;teacher;home;mother;2;2;0;yes;yes;no;No;yes;yes;no;no;4;1;4;1;1;1;6;6;5;6
GP;M;15;U;LE3;A;3.0;;services;other;home;mother;1;2;0;N;yes;yes;no;yes;yes;yes;no;4;2;2;1;1;1;0;16;18;19
GP;M;15;U;GT3;T;3.0;4.0;other;other;home;mother;1;2;0;no;yes;yes;yes;yes;yes;yes;no;5;5;1;1;1;5;0;14;15;15
GP;F;15;U;GT3;T;4.0;4.0;teacher;health;reputation;mother;1;2;0;no;yes;yes;no;Y;yes;yes;no;3;3;3;1;2;2;0;10;8;9
GP;F;15;U;GT3;T;2.0;1.0;services;other;reputation;father;3;3;0;No;yes;no;yes;yes;yes;yes;No;5;2;2;1;1;4;4;10;12;12
GP;M;15;U;LE3;T;4.0;4.0;health;services;course;father;1;1;0;no;yes;yes;yes;yes;Y;yes;no;4;3;3;1;3;5;2;14;14;14
GP;M;15;U;GT3;T;4.0;3.0;teacher;other;course;mother;2;2;0;no;yes;yes;no;Yes;yes;yes;no;5;4;3;1;2;3;2;10;10;11
GP;M;15;U;GT3;A;2.0;2.0;other;other;home;other;1;3;0;no;;no;no;yes;yes;yes;yes;4;5;2;1;1;3;0;14;16;16
GP;F;16;U;GT3;T;4.0;4.0;health;other;home;mother;1;1;0;no;yes;N;no;Yes;yes;;no;4;4;4;1;2;2;4;14;14;14
GP;F;16;U;GT3;T;4.0;4.0;services;services;reputation;mother;1;3;0;no;yes;yes;yes;yes;yes;Y;no;3;2;3;1;2;2;6;13;14;14
GP;F;16;U;GT3;T;3.0;3.0;other;other;reputation;mother;3;2;0;Yes;Y;no;yes;Y;yes;no;no;5;3;2;1;1;4;4;8;10;10
GP;M;17;U;GT3;T;3.0;2.0;services;services;course;mother;1;1;3;no;yes;no;yes;yes;yes;yes;no;5;5;5;2;4;5;16;6;5;5
GP;M;16;U;LE3;T;4.0;3.0;health;other;home;father;1;1;0;no;no;Y;yes;yes;yes;Y;N;3;1;3;1;3;5;60;8;10;10
GP;M;15;U;GT3;T;4.0;3.0;teacher;other;reputation;mother;1;2;0;no;no;no;no;yes;yes;yes;no;4;4;1;1;1;1;0;13;14;15
GP;M;15;U;GT3;T;4.0;4.0;health;health;other;father;1;1;0;no;yes;yes;no;yes;yes;yes;no;5;4;2;1;1;5;0;12;15;15
GP;M;16;U;LE3;T;4.0;2.0;teacher;other;course;mother;1;2;0;no;no;no;yes;yes;yes;yes;no;4;5;1;1;3;5;2;15;15;16
GP;M;16;U;LE3;T;2.0;2.0;other;other;reputation;mother;2;2;0;no;yes;no;yes;yes;yes;yes;no;5;4;4;2;4;5;0;13;13;12
GP;F;15;R;GT3;T;2.0;4.0;services;health;course;mother;1;3;0;yes;yes;yes;yes;yes;yes;yes;no;4;3;2;1;1;5;2;10;9;8
GP;F;16;U;GT3;T;2.0;2.0;services;services;home;;1;1;2;no;yes;yes;no;no;yes;yes;no;1;2;2;1;3;5;14;6;9;8
GP;M;15;U;GT3;T;2.0;2.0;other;other;home;mother;1;1;0;no;yes;yes;no;yes;yes;yes;no;4;2;2;1;2;5;2;12;12;11
GP;M;15;U;GT3;T;4.0;2.0;health;services;other;mother;1;1;0;no;No;yes;no;yes;yes;yes;no;2;2;4;2;4;1;4;15;16;15
GP;M;16;U;LE3;A;3.0;4.0;services;other;home;mother;1;2;0;Yes;yes;no;yes;Yes;yes;Y;No;5;3;3;1;1;5;4;11;11;11
GP;M;16;U;GT3;T;4.0;4.0;teacher;teacher;home;mother;1;2;0;no;Y;yes;yes;yes;yes;yes;yes;4;4;5;5;5;5;16;10;12;11
GP;M;15;U;GT3;T;4.0;4.0;health;services;home;mother;1;2;0;no;yes;yes;no;no;yes;yes;no;5;4;2;3;4;5;0;9;11;12
GP;M;15;U;GT3;T;4.0;4.0;services;services;reputation;;2;2;0;no;yes;N;yes;yes;yes;;no;4;3;1;1;1;5;0;17;16;17
GP;M;15;R;GT3;T;4.0;3.0;teacher;at_home;course;mother;1;2;0;no;yes;no;Y;yes;Y;yes;Y;4;5;2;1;1;5;0;17;16;16
GP;M;15;U;LE3;T;3.0;;other;other;course;mother;1;2;0;No;No;no;yes;no;yes;yes;no;5;3;2;1;1;2;0;8;10;12
GP;M;16;U;GT3;T;3.0;2.0;other;other;home;;1;1;0;no;yes;yes;No;no;yes;;no;5;4;3;1;1;5;0;12;14;15
GP;F;15;U;GT3;T;;3.0;other;other;other;;2;1;0;no;yes;no;yes;yes;yes;no;N;3;5;1;1;1;5;0;8;7;6
GP;M;15;U;LE3;T;4.0;3.0;teacher;services;home;mother;1;3;0;no;yes;N;yes;yes;yes;yes;no;5;4;3;1;1;4;2;15;16;18
GP;M;16;R;GT3;A;4.0;4.0;other;teacher;reputation;mother;2;3;0;no;yes;no;yes;yes;yes;yes;yes;2;4;3;1;1;5;7;15;16;15
GP;F;15;R;GT3;T;3.0;4.0;services;health;course;mother;1;3;0;yes;;yes;Yes;yes;yes;yes;no;4;3;2;1;1;5;2;12;12;11
GP;F;15;R;GT3;T;2.0;;at_home;other;reputation;mother;1;1;0;Y;;Yes;Y;Y;yes;;no;4;3;1;1;1;2;8;14;13;13
GP;F;16;U;LE3;T;2.0;2.0;other;other;home;mother;2;2;1;no;yes;N;yes;no;yes;yes;yes;3;3;3;1;2;3;100;7;10;11
GP;M;15;U;LE3;T;4.0;4.0;teacher;other;home;other;1;1;0;no;Yes;no;no;no;yes;yes;yes;5;4;3;2;4;5;8;12;12;12
GP;M;15;U;GT3;T;4.0;4.0;services;teacher;course;father;1;2;0;no;;no;yes;Yes;yes;yes;no;4;3;3;1;1;5;2;19;18;18
GP;M;15;U;GT3;T;2.0;2.0;services;services;course;father;1;1;0;yes;Yes;no;no;yes;yes;yes;no;5;4;1;1;1;1;0;8;8;11
GP;F;16;U;LE3;T;2.0;2.0;other;at_home;course;father;2;2;1;Yes;no;no;Yes;yes;yes;yes;N;4;3;3;2;2;5;14;10;10;9
GP;F;15;U;LE3;A;4.0;;other;other;course;mother;1;2;0;yes;yes;yes;yes;Yes;yes;yes;yes;5;2;2;1;1;5;8;8;8;6
GP;F;16;U;LE3;A;3.0;3.0;other;services;home;mother;1;2;0;no;yes;no;No;yes;yes;yes;no;2;3;5;1;4;3;12;11;12;11
GP;M;16;U;GT3;T;4.0;3.0;health;services;reputation;;1;4;0;no;no;N;yes;yes;Yes;yes;no;4;2;2;1;1;2;4;19;19;20
GP;M;15;U;GT3;T;4.0;2.0;teacher;other;home;mother;1;2;0;no;yes;yes;no;yes;yes;N;no;4;3;3;2;2;5;2;15;15;14
GP;F;15;U;GT3;T;4.0;4.0;services;teacher;other;father;1;2;1;yes;yes;no;yes;no;yes;yes;no;4;4;4;1;1;3;2;7;7;7
GP;F;16;U;LE3;T;2.0;2.0;services;services;course;mother;3;2;0;N;Yes;Yes;no;yes;Y;Yes;no;4;3;3;2;3;4;2;12;13;13
GP;F;15;U;LE3;T;4.0;2.0;health;other;other;mother;1;2;0;no;yes;yes;no;Y;yes;;no;4;3;3;1;1;5;2;11;13;13
GP;M;15;U;LE3;A;;2.0;health;health;other;father;2;1;1;N;no;no;no;yes;yes;no;no;5;5;5;3;4;5;6;11;11;10
GP;F;15;U;GT3;T;4.0;4.0;services;services;course;mother;1;1;0;yes;;yes;no;yes;yes;yes;no;3;3;4;2;3;5;0;8;10;11
GP;F;15;U;LE3;A;3.0;3.0;other;other;other;mother;1;1;0;no;no;yes;no;yes;yes;yes;no;5;3;4;4;4;1;6;10;13;13
GP;F;16;U;GT3;A;2.0;1.0;other;other;other;mother;1;2;0;no;No;yes;yes;yes;yes;;yes;5;3;4;1;1;2;8;8;9;10
GP;F;15;U;GT3;A;4.0;3.0;services;services;reputation;mother;1;2;0;No;yes;Y;yes;yes;yes;yes;no;4;3;2;1;1;1;0;14;15;15
GP;M;15;U;GT3;T;4.0;4.0;teacher;health;reputation;mother;1;2;0;No;yes;N;yes;yes;yes;no;no;3;2;2;1;1;5;4;14;15;15
GP;M;15;U;LE3;T;;;other;at_home;home;father;1;2;0;yes;Y;no;yes;yes;yes;Y;no;4;3;2;1;1;5;2;9;10;9
GP;F;16;U;GT3;T;4.0;2.0;services;other;course;mother;1;2;0;no;yes;no;no;yes;yes;Y;no;4;2;3;1;1;5;2;15;16;16
GP;F;16;R;GT3;T;4.0;4.0;health;teacher;other;mother;1;2;0;no;yes;no;yes;yes;yes;no;no;2;4;4;2;3;4;6;10;11;11
GP;F;16;U;GT3;T;1.0;;services;services;course;father;4;1;0;yes;yes;no;yes;no;yes;yes;yes;5;5;5;5;5;5;6;10;8;11
GP;F;16;U;LE3;T;1.0;2.0;other;services;reputation;father;1;2;0;yes;N;No;yes;Y;yes;yes;no;4;4;3;1;1;1;4;8;10;9
GP;F;16;U;GT3;T;4.0;3.0;teacher;health;home;mother;1;3;0;yes;yes;yes;yes;yes;yes;yes;no;3;4;4;2;4;4;2;10;9;9
GP;F;15;U;LE3;T;4.0;;services;services;reputation;father;1;2;0;yes;N;no;yes;yes;yes;yes;yes;4;4;4;2;4;2;0;10;10;10
GP;F;16;U;LE3;T;4.0;3.0;teacher;services;course;mother;3;2;0;no;yes;No;yes;yes;yes;yes;no;5;4;3;1;2;1;2;16;15;15
GP;M;15;U;GT3;A;4.0;4.0;other;services;reputation;mother;1;4;0;no;Y;no;Yes;no;yes;;yes;1;3;3;5;5;3;4;13;13;12
GP;F;16;U;GT3;T;3.0;1.0;services;other;course;mother;1;4;0;yes;yes;yes;no;yes;yes;;no;4;3;3;1;2;5;4;7;7;6
GP;F;15;R;LE3;T;2.0;2.0;health;services;reputation;mother;2;2;0;yes;Y;yes;no;yes;yes;yes;no;4;1;3;1;3;4;2;8;9;8
GP;F;15;R;LE3;T;3.0;1.0;other;other;reputation;;2;4;0;no;yes;no;no;no;yes;yes;no;4;4;2;2;3;3;12;16;16;16
GP;M;16;U;GT3;T;3.0;1.0;other;other;reputation;father;2;4;0;no;yes;yes;no;yes;yes;yes;no;4;3;2;1;1;5;0;13;15;15
GP;M;15;U;GT3;T;4.0;2.0;other;other;course;mother;1;4;0;no;no;No;no;yes;Y;;no;3;3;3;1;1;3;0;10;10;10
GP;F;15;R;GT3;T;1.0;1.0;other;other;reputation;mother;1;2;2;yes;yes;no;no;N;Y;Yes;yes;3;3;4;2;4;5;2;8;6;5
GP;M;16;U;GT3;T;3.0;1.0;other;other;reputation;;1;1;0;no;no;no;yes;Y;yes;no;no;5;3;2;2;2;5;2;12;12;14
GP;F;16;U;GT3;T;3.0;3.0;other;services;home;mother;1;2;0;yes;Y;yes;yes;yes;yes;Yes;no;4;3;3;2;4;5;54;11;12;11
GP;M;15;U;GT3;T;4.0;3.0;teacher;other;home;mother;1;2;0;N;yes;yes;yes;yes;yes;yes;no;4;3;3;2;3;5;6;9;9;10
GP;M;15;U;GT3;T;;0.0;teacher;other;course;mother;2;4;0;no;no;no;yes;yes;yes;yes;no;3;4;3;1;1;1;8;11;11;10
GP;F;16;U;GT3;T;2.0;2.0;other;other;reputation;mother;1;4;0;no;no;yes;no;yes;Yes;yes;yes;5;2;3;1;3;3;0;11;11;11
GP;M;17;U;GT3;T;2.0;1.0;other;other;home;mother;2;1;3;yes;;no;yes;yes;no;yes;N;4;5;1;1;1;3;2;8;8;10
GP;F;16;U;GT3;T;3.0;4.0;at_home;other;course;mother;1;2;0;no;yes;no;no;yes;yes;yes;no;2;4;3;1;2;3;12;5;5;5
GP;M;15;U;GT3;T;2.0;3.0;other;services;course;father;1;1;0;yes;yes;yes;yes;N;yes;yes;yes;3;2;2;1;3;3;2;10;12;12
GP;M;15;U;GT3;T;;3.0;other;other;home;mother;1;3;0;yes;no;yes;no;no;yes;yes;no;5;3;2;1;2;5;4;11;10;11
GP;F;15;U;LE3;T;3.0;2.0;services;other;reputation;mother;1;2;0;no;yes;yes;no;Y;yes;yes;no;4;4;4;1;1;5;10;7;6;6
GP;M;15;U;LE3;T;2.0;2.0;services;services;home;mother;2;2;0;no;no;yes;yes;yes;yes;yes;no;5;3;3;1;3;4;4;15;15;15
GP;F;15;U;GT3;T;1.0;1.0;other;other;home;father;1;2;0;no;yes;no;yes;no;yes;yes;no;4;3;2;2;3;4;2;9;10;10
GP;F;15;U;GT3;T;4.0;4.0;services;services;reputation;father;2;2;2;no;no;yes;no;Y;yes;yes;yes;4;4;4;2;3;5;6;7;9;8
GP;F;16;U;LE3;T;2.0;2.0;at_home;other;course;mother;1;2;0;no;;no;no;yes;yes;no;N;4;3;4;1;2;2;4;8;7;6
GP;F;15;U;GT3;T;4.0;2.0;other;other;reputation;mother;1;3;0;no;yes;no;yes;yes;yes;yes;no;5;3;3;1;3;1;4;13;14;14
GP;M;16;U;GT3;T;2.0;2.0;services;other;reputation;;2;2;1;no;;Yes;yes;no;Y;yes;no;4;4;2;1;1;3;12;11;10;10
GP;M;16;U;LE3;A;4.0;4.0;teacher;health;reputation;mother;1;2;0;N;yes;no;no;yes;yes;no;no;4;1;3;3;5;5;18;8;6;7
GP;F;16;U;GT3;T;;3.0;other;other;home;mother;1;3;0;no;yes;yes;no;yes;yes;yes;yes;4;3;3;1;3;4;0;7;7;8
GP;F;15;U;GT3;T;4.0;3.0;services;other;reputation;mother;1;1;0;no;no;yes;yes;yes;yes;Y;no;4;5;5;1;3;1;4;16;17;18
GP;F;16;U;LE3;T;3.0;1.0;other;other;home;father;1;2;0;yes;yes;no;no;yes;yes;no;No;3;3;3;2;3;2;50;7;6;6
GP;F;16;U;GT3;T;4.0;;teacher;services;home;mother;2;2;0;no;yes;yes;yes;yes;yes;yes;no;5;3;3;1;1;1;0;11;10;10
GP;M;15;U;LE3;T;2.0;2.0;services;health;reputation;mother;1;4;0;no;yes;no;yes;Y;yes;yes;no;4;3;4;1;1;4;6;11;13;14
GP;F;15;R;GT3;T;1.0;1.0;at_home;other;home;mother;2;4;1;yes;yes;Y;yes;yes;yes;Yes;no;3;1;2;1;1;1;2;7;10;10
GP;M;16;R;GT3;T;4.0;3.0;services;other;reputation;mother;2;1;0;yes;yes;no;Y;no;yes;yes;no;3;3;3;1;1;4;2;11;15;15
GP;F;16;U;GT3;T;2.0;1.0;other;other;course;mother;1;2;0;no;Yes;yes;no;yes;yes;no;yes;4;3;5;1;1;5;2;8;9;10
GP;F;16;U;GT3;T;4.0;4.0;other;other;reputation;mother;1;1;0;No;no;no;yes;no;Yes;yes;no;5;3;4;1;2;1;6;11;14;14
GP;F;16;U;GT3;T;4.0;3.0;other;at_home;course;mother;1;3;0;yes;Yes;yes;N;yes;yes;yes;no;5;3;5;1;1;3;0;7;9;8
GP;M;16;U;GT3;T;4.0;4.0;services;services;other;mother;1;1;0;yes;;yes;yes;Y;yes;yes;no;4;5;5;5;5;4;14;7;7;5
GP;M;16;U;GT3;T;4.0;4.0;services;teacher;other;father;1;3;0;no;;no;yes;yes;yes;yes;Y;4;4;3;1;1;4;0;16;17;17
GP;M;15;U;GT3;T;4.0;4.0;services;other;course;mother;1;1;0;no;yes;N;yes;no;Y;yes;no;5;3;3;1;1;5;4;10;13;14
GP;F;15;U;GT3;T;3.0;2.0;services;other;home;mother;2;2;0;yes;yes;yes;no;yes;yes;yes;no;4;3;5;1;1;2;26;7;6;6
GP;M;15;U;GT3;A;3.0;4.0;services;other;course;mother;1;2;0;no;yes;yes;yes;yes;yes;yes;no;5;4;4;1;1;1;0;16;18;18
GP;F;15;U;GT3;A;3.0;3.0;other;health;reputation;father;1;4;0;yes;no;no;no;yes;yes;no;no;4;3;3;1;1;4;10;10;11;11
GP;F;15;U;GT3;T;2.0;2.0;other;other;course;mother;1;4;0;yes;yes;Yes;no;yes;yes;yes;No;5;1;2;1;1;3;8;7;8;8
GP;M;16;U;GT3;T;3.0;3.0;services;other;home;father;1;3;0;no;yes;no;yes;yes;Y;yes;no;5;3;3;1;1;5;2;16;18;18
GP;M;15;R;GT3;T;;4.0;other;other;home;father;4;4;0;no;yes;yes;yes;yes;yes;yes;yes;1;3;5;3;5;1;6;10;13;13
GP;F;16;U;LE3;T;4.0;4.0;health;health;other;;1;3;0;no;Yes;yes;yes;yes;yes;yes;Y;5;4;5;1;1;4;4;14;15;16
GP;M;15;U;LE3;A;4.0;4.0;teacher;teacher;course;mother;1;1;0;no;no;no;Yes;yes;yes;Yes;no;5;5;3;1;1;4;6;18;19;19
GP;F;16;R;GT3;T;3.0;3.0;services;other;reputation;father;1;3;1;yes;yes;no;Yes;yes;yes;yes;no;4;1;2;1;1;2;0;7;10;10
GP;F;16;U;GT3;T;2.0;2.0;at_home;other;home;mother;1;2;1;yes;;no;yes;yes;yes;;no;3;1;2;1;1;5;6;10;13;13
GP;M;15;U;LE3;T;4.0;2.0;teacher;other;course;mother;1;1;0;no;;no;no;yes;Yes;yes;no;3;5;2;1;1;3;10;18;19;19
GP;M;15;R;GT3;T;;1.0;health;services;reputation;mother;1;2;0;no;no;no;yes;yes;yes;yes;yes;5;4;2;1;1;5;8;9;9;9
GP;M;16;U;GT3;T;4.0;4.0;teacher;teacher;course;father;1;2;0;no;yes;no;yes;yes;yes;Y;no;5;4;4;1;2;5;2;15;15;16
GP;M;15;U;GT3;T;4.0;4.0;other;teacher;reputation;father;2;2;0;no;yes;no;yes;yes;yes;;no;4;4;3;1;1;2;2;11;13;14
GP;M;16;U;GT3;T;3.0;3.0;other;services;home;father;2;1;0;N;N;no;yes;yes;yes;yes;no;5;4;2;1;1;5;0;13;14;13
GP;M;17;R;GT3;T;1.0;;other;other;course;father;3;2;1;no;;no;yes;yes;yes;yes;no;5;2;4;1;4;5;20;9;7;8
GP;M;15;U;GT3;T;3.0;4.0;other;other;reputation;father;1;1;0;no;no;no;no;yes;yes;Y;no;3;4;3;1;2;4;6;14;13;13
GP;F;15;U;GT3;T;1.0;2.0;at_home;services;course;mother;1;2;0;no;No;no;no;N;yes;yes;no;3;2;3;1;2;1;2;16;15;15
GP;M;15;U;GT3;T;2.0;2.0;services;services;home;father;1;4;0;N;yes;yes;yes;yes;yes;yes;no;5;5;4;1;2;5;6;16;14;15
GP;F;16;U;LE3;T;2.0;4.0;other;health;course;father;2;2;0;no;;yes;yes;yes;Yes;yes;Y;4;2;2;1;2;5;2;13;13;13
GP;M;16;U;GT3;T;4.0;4.0;health;other;course;mother;1;1;0;no;yes;no;Y;yes;yes;yes;N;3;4;4;1;4;5;18;14;11;13
GP;F;16;U;GT3;T;2.0;;other;other;home;mother;1;2;0;no;no;yes;no;yes;Yes;yes;yes;5;4;4;1;1;5;0;8;7;8
GP;M;15;U;GT3;T;3.0;4.0;services;services;home;father;1;1;0;yes;no;no;no;yes;yes;;no;5;5;5;3;2;5;0;13;13;12
GP;F;15;U;LE3;A;3.0;4.0;other;other;home;mother;1;2;0;yes;no;no;yes;yes;yes;yes;yes;5;3;2;1;1;1;0;7;10;11
GP;F;19;U;GT3;T;0.0;1.0;at_home;other;course;other;1;2;3;no;Y;no;no;no;no;no;no;3;4;2;1;1;5;2;7;8;9
GP;M;18;R;GT3;T;2.0;2.0;services;other;reputation;mother;1;1;2;N;yes;no;yes;yes;yes;yes;No;3;3;3;1;2;4;0;7;4;0
GP;M;16;R;GT3;T;4.0;4.0;teacher;teacher;course;mother;1;1;0;no;no;yes;yes;yes;yes;yes;no;3;5;5;2;5;4;8;18;18;18
GP;F;15;R;GT3;T;3.0;4.0;services;teacher;course;father;2;3;2;No;yes;no;N;yes;yes;yes;yes;4;2;2;2;2;5;0;12;0;0
GP;F;15;U;GT3;T;1.0;1.0;at_home;other;course;mother;3;1;0;no;yes;no;yes;no;yes;yes;yes;4;3;3;1;2;4;0;8;0;0
GP;F;17;U;LE3;T;2.0;2.0;other;other;course;father;1;1;0;N;yes;no;no;yes;Y;yes;yes;3;4;4;1;3;5;12;10;13;12
GP;F;16;U;GT3;A;3.0;4.0;services;other;course;father;1;1;0;no;no;no;no;yes;yes;yes;No;3;2;1;1;4;5;16;12;11;11
GP;M;15;R;GT3;T;3.0;4.0;at_home;teacher;course;mother;4;2;0;no;yes;no;N;yes;Yes;no;yes;5;3;3;1;1;5;0;9;0;0
GP;F;15;U;GT3;T;4.0;4.0;services;at_home;course;mother;1;3;0;no;yes;no;Yes;yes;yes;yes;yes;4;3;3;1;1;5;0;11;0;0
GP;M;17;R;GT3;T;3.0;4.0;at_home;other;course;mother;3;2;0;no;N;no;No;yes;Y;;no;5;4;5;2;4;5;0;10;0;0
GP;F;16;U;GT3;A;3.0;3.0;other;other;course;other;2;1;2;no;yes;no;yes;no;Yes;yes;yes;4;3;2;1;1;5;0;4;0;0
GP;M;16;U;LE3;T;1.0;1.0;services;other;course;mother;1;2;1;No;no;no;no;yes;yes;No;Y;4;4;4;1;3;5;0;14;12;12
GP;F;15;U;GT3;T;4.0;4.0;teacher;teacher;course;mother;2;1;0;no;no;no;yes;yes;Y;yes;no;4;3;2;1;1;5;0;16;16;15
GP;M;15;U;GT3;T;4.0;3.0;teacher;services;course;;2;4;0;Y;;no;no;yes;yes;yes;no;2;2;2;1;1;3;0;7;9;0
GP;M;16;U;LE3;T;2.0;2.0;services;services;reputation;father;2;1;2;no;Yes;no;yes;yes;yes;yes;no;2;3;3;2;2;2;8;9;9;9
GP;F;15;U;GT3;T;4.0;4.0;teacher;services;course;mother;1;3;0;no;yes;yes;yes;yes;yes;Y;no;4;2;2;1;1;5;2;9;11;11
GP;F;16;U;LE3;T;1.0;1.0;at_home;at_home;course;mother;1;1;0;no;no;no;no;yes;yes;Yes;no;3;4;4;3;3;1;2;14;14;13
GP;M;17;U;GT3;T;;1.0;other;other;home;mother;1;1;3;no;yes;no;no;yes;Yes;yes;no;5;4;5;1;2;5;0;5;0;0
GP;F;15;U;GT3;T;1.0;1.0;other;services;course;father;1;2;0;N;yes;yes;no;yes;yes;yes;no;4;4;2;1;2;5;0;8;11;11
GP;F;15;U;GT3;T;3.0;2.0;health;services;home;father;1;2;3;no;yes;No;no;yes;yes;yes;no;3;3;2;1;1;3;0;6;7;0
GP;F;15;U;GT3;T;1.0;2.0;at_home;other;course;mother;1;2;0;no;yes;Yes;no;no;yes;yes;no;4;3;2;1;1;5;2;10;11;11
GP;M;16;U;GT3;T;4.0;;teacher;teacher;course;mother;1;1;0;no;yes;no;no;yes;No;yes;yes;3;3;2;2;1;5;0;7;6;0
GP;M;15;U;LE3;A;2.0;;services;other;course;mother;4;1;3;no;no;no;no;yes;yes;yes;no;4;5;5;2;5;5;0;8;9;10
GP;M;18;U;LE3;T;1.0;1.0;other;other;course;mother;1;1;3;no;no;no;no;yes;no;yes;yes;2;3;5;2;5;4;0;6;5;0
GP;M;16;U;LE3;T;2.0;1.0;at_home;other;course;mother;1;1;1;no;no;no;yes;yes;yes;no;yes;4;4;4;3;5;5;6;12;13;14
GP;F;15;R;GT3;T;3.0;3.0;services;services;reputation;other;2;3;2;no;yes;yes;yes;yes;yes;yes;yes;4;2;1;2;3;3;8;10;10;10
GP;M;19;U;GT3;T;3.0;;services;at_home;home;mother;1;1;3;no;yes;no;no;yes;no;yes;yes;4;5;4;1;1;4;0;5;0;0
GP;F;17;U;GT3;T;4.0;4.0;other;teacher;course;;1;1;0;yes;yes;no;no;yes;yes;No;Y;4;2;1;1;1;4;0;11;11;12
GP;M;15;R;GT3;T;2.0;;at_home;services;course;mother;1;2;0;Y;no;yes;yes;yes;yes;;no;4;4;4;1;1;1;2;11;8;8
GP;M;17;R;LE3;T;1.0;2.0;other;other;reputation;;1;1;0;no;no;no;no;yes;yes;;N;2;2;2;3;3;5;8;16;12;13
GP;F;18;R;GT3;T;;1.0;at_home;other;course;;3;1;3;no;Yes;no;yes;no;yes;no;no;5;2;5;1;5;4;6;9;8;10
GP;M;16;R;GT3;T;2.0;2.0;at_home;other;course;mother;3;1;0;no;no;no;no;no;yes;no;no;4;2;2;1;2;3;2;17;15;15
GP;M;16;U;GT3;T;3.0;3.0;other;services;course;father;1;2;1;no;yes;Y;no;yes;yes;yes;yes;4;5;5;4;4;5;4;10;12;12
GP;M;17;R;LE3;T;2.0;1.0;at_home;other;course;mother;2;1;2;no;no;no;yes;Yes;no;Yes;Yes;3;3;2;2;2;5;0;7;6;0
GP;M;15;R;GT3;T;;2.0;other;other;course;mother;2;2;2;yes;yes;N;no;yes;yes;yes;yes;4;4;4;1;4;3;6;5;9;7
GP;M;16;U;LE3;T;1.0;2.0;other;other;course;mother;2;1;1;no;no;no;yes;yes;Y;no;no;4;4;4;2;4;5;0;7;0;0
GP;M;17;U;GT3;T;1.0;3.0;at_home;services;course;father;1;1;0;no;N;no;no;yes;no;Y;no;5;3;3;1;4;2;2;10;10;10
GP;M;17;R;LE3;T;1.0;1.0;other;services;course;mother;4;2;3;no;no;no;Y;Y;no;no;yes;5;3;5;1;5;5;0;5;8;7
GP;M;16;U;GT3;T;3.0;2.0;services;services;course;mother;2;1;1;no;yes;no;yes;no;no;no;no;4;5;2;1;1;2;16;12;11;12
GP;M;16;U;GT3;T;2.0;2.0;other;other;course;father;1;2;0;no;no;no;no;yes;no;Yes;no;4;3;5;2;4;4;4;10;10;10
GP;F;16;U;GT3;T;4.0;2.0;health;services;home;father;1;2;0;no;no;yes;no;yes;yes;yes;yes;4;2;3;1;1;3;0;14;15;16
GP;F;16;U;GT3;T;2.0;2.0;other;other;home;mother;1;2;0;no;yes;Yes;N;no;yes;yes;no;5;1;5;1;1;4;0;6;7;0
GP;F;16;U;GT3;T;4.0;4.0;health;health;reputation;;1;2;0;no;Yes;Yes;no;yes;yes;yes;yes;4;4;2;1;1;3;0;14;14;14
GP;M;16;U;GT3;T;3.0;4.0;other;other;course;father;3;1;2;no;yes;no;yes;no;yes;yes;no;3;4;5;2;4;2;0;6;5;0
GP;M;16;U;GT3;T;1.0;0.0;other;other;reputation;;2;2;0;No;yes;yes;yes;yes;yes;yes;yes;4;3;2;1;1;3;2;13;15;16
GP;M;17;U;LE3;T;4.0;4.0;teacher;other;reputation;mother;1;2;0;no;yes;yes;yes;yes;Yes;yes;No;4;4;4;1;3;5;0;13;11;10
GP;F;16;U;GT3;T;1.0;;at_home;services;home;mother;1;2;3;no;No;no;yes;N;yes;yes;Yes;4;3;5;1;1;3;0;8;7;0
GP;F;16;U;LE3;T;3.0;;other;other;reputation;;2;2;0;No;yes;yes;yes;yes;yes;yes;no;4;4;5;1;1;4;4;10;11;9
GP;M;17;U;LE3;T;4.0;3.0;teacher;other;course;mother;2;2;0;no;no;yes;yes;yes;yes;;no;4;4;4;4;4;4;4;10;9;9
GP;F;16;U;GT3;T;2.0;2.0;services;other;reputation;mother;2;2;0;no;;yes;yes;no;yes;yes;No;3;4;4;1;4;5;2;13;13;11
GP;M;17;U;GT3;T;3.0;3.0;other;other;reputation;father;1;2;0;no;no;no;yes;no;yes;;No;4;3;4;1;4;4;4;6;5;6
GP;M;16;R;GT3;T;4.0;2.0;teacher;services;other;mother;1;1;0;no;yes;no;yes;yes;yes;yes;yes;4;3;3;3;4;3;10;10;8;9
GP;M;17;U;GT3;T;4.0;3.0;other;other;course;mother;1;2;0;no;yes;No;yes;yes;yes;Yes;yes;5;2;3;1;1;2;4;10;10;11
GP;M;16;U;GT3;T;;3.0;teacher;other;home;mother;1;2;0;no;yes;Yes;yes;yes;yes;Yes;no;3;4;3;2;3;3;10;9;8;8
GP;M;16;U;GT3;T;3.0;3.0;services;other;home;mother;1;2;0;no;no;yes;yes;yes;yes;Yes;yes;4;2;3;1;2;3;2;12;13;12
GP;F;17;U;GT3;T;;;services;services;reputation;father;1;2;0;no;yes;no;yes;yes;yes;no;no;5;4;2;2;3;5;0;16;17;17
GP;F;17;U;LE3;T;3.0;3.0;other;other;reputation;mother;1;2;0;no;yes;no;Yes;yes;yes;yes;yes;5;3;3;2;3;1;56;9;9;8
GP;F;16;U;GT3;T;3.0;2.0;other;other;reputation;mother;1;2;0;No;yes;Y;no;yes;yes;Y;no;1;2;2;1;2;1;14;12;13;12
GP;M;17;U;GT3;T;3.0;3.0;services;services;other;mother;1;2;0;no;yes;no;yes;yes;yes;yes;yes;4;3;4;2;3;4;12;12;12;11
GP;M;16;U;GT3;T;1.0;2.0;services;services;other;mother;1;1;0;no;yes;Y;Y;yes;yes;;yes;3;3;3;1;2;3;2;11;12;11
GP;M;16;U;LE3;T;2.0;1.0;other;other;course;mother;1;2;0;no;no;yes;yes;Y;yes;yes;yes;4;2;3;1;2;5;0;15;15;15
GP;F;17;U;GT3;A;3.0;3.0;health;other;reputation;;1;2;0;no;yes;no;No;no;yes;yes;Y;3;3;3;1;3;3;6;8;7;9
GP;M;17;R;GT3;T;1.0;2.0;at_home;other;home;mother;1;2;0;no;no;no;N;yes;yes;No;no;3;1;3;1;5;3;4;8;9;10
GP;F;16;U;GT3;T;2.0;3.0;services;services;course;mother;1;2;0;N;no;no;no;yes;yes;yes;no;4;3;3;1;1;2;10;11;12;13
GP;F;17;U;GT3;T;1.0;;at_home;services;course;;1;2;0;No;no;No;yes;yes;yes;yes;no;5;3;3;1;1;3;0;8;8;9
GP;M;17;U;GT3;T;1.0;2.0;at_home;services;other;other;2;2;0;no;no;yes;yes;No;yes;yes;no;4;4;4;4;5;5;12;7;8;8
GP;M;16;R;GT3;T;3.0;3.0;services;services;reputation;;1;1;0;no;yes;no;yes;yes;yes;yes;no;4;3;2;3;4;5;8;8;9;10
GP;M;16;U;GT3;T;2.0;3.0;other;other;home;father;2;1;0;no;no;N;N;yes;yes;yes;no;5;3;3;1;1;3;0;13;14;14
GP;F;17;U;LE3;T;2.0;4.0;services;services;course;father;1;2;0;no;no;No;yes;yes;yes;yes;yes;4;3;2;1;1;5;0;14;15;15
GP;M;17;U;GT3;T;4.0;4.0;services;teacher;home;mother;1;1;0;no;no;no;no;yes;yes;yes;N;5;2;3;1;2;5;4;17;15;16
GP;M;16;R;LE3;T;3.0;3.0;teacher;other;home;father;3;1;0;no;yes;yes;yes;yes;yes;Y;no;3;3;4;3;5;3;8;9;9;10
GP;F;17;U;GT3;T;4.0;4.0;services;teacher;home;mother;2;1;1;no;yes;no;no;yes;Yes;yes;no;4;2;4;2;3;2;24;18;18;18
GP;F;16;U;LE3;T;;4.0;teacher;teacher;reputation;mother;1;2;0;no;yes;yes;no;yes;yes;yes;no;4;5;2;1;2;3;0;9;9;10
GP;F;16;U;GT3;T;4.0;;health;other;home;mother;1;2;0;No;yes;no;yes;Yes;yes;yes;no;4;3;5;1;5;2;2;16;16;16
GP;F;16;U;GT3;T;2.0;3.0;other;other;reputation;mother;1;2;0;yes;;yes;yes;yes;yes;no;no;4;4;3;1;3;4;6;8;10;10
GP;F;17;U;GT3;T;;1.0;other;other;course;mother;1;2;0;no;yes;Y;no;no;Yes;no;no;4;4;4;1;3;1;4;9;9;10
GP;F;17;R;GT3;T;2.0;2.0;other;other;reputation;mother;1;1;0;no;Yes;No;no;yes;yes;yes;no;5;3;2;1;2;3;18;7;6;6
GP;F;16;R;GT3;T;2.0;2.0;services;services;reputation;mother;2;4;0;no;yes;Yes;yes;no;yes;yes;no;5;3;5;1;1;5;6;10;10;11
GP;F;17;U;GT3;T;3.0;4.0;at_home;services;home;mother;1;3;1;no;yes;yes;no;yes;yes;yes;yes;4;4;3;3;4;5;28;10;9;9
GP;F;16;U;GT3;A;3.0;1.0;services;other;course;mother;1;2;3;no;yes;Yes;no;Yes;Y;yes;no;2;3;3;2;2;4;5;7;7;7
GP;F;16;U;GT3;T;4.0;3.0;teacher;other;other;mother;1;2;0;N;;yes;yes;yes;Y;yes;Yes;1;3;2;1;1;1;10;11;12;13
GP;F;16;U;GT3;T;1.0;1.0;at_home;other;home;mother;2;1;0;no;yes;yes;no;yes;Yes;No;no;4;3;2;1;4;5;6;9;9;10
GP;F;17;R;GT3;T;4.0;3.0;teacher;other;reputation;;2;3;0;no;;yes;yes;yes;yes;yes;yes;4;4;2;1;1;4;6;7;7;7
GP;F;19;U;GT3;T;3.0;3.0;other;other;reputation;other;1;4;0;no;yes;yes;yes;yes;yes;yes;no;4;3;3;1;2;3;10;8;8;8
GP;M;17;U;LE3;T;4.0;4.0;services;other;home;mother;1;2;0;no;yes;yes;no;yes;Y;yes;yes;5;3;5;4;5;3;13;12;12;13
GP;F;16;U;GT3;A;2.0;2.0;other;other;reputation;mother;1;2;0;Y;yes;Yes;no;yes;yes;yes;N;3;3;4;1;1;4;0;12;13;14
GP;M;18;U;GT3;T;2.0;2.0;services;other;home;mother;1;2;1;no;Yes;yes;yes;yes;yes;Y;no;4;4;4;2;4;5;15;6;7;8
GP;F;17;R;LE3;T;4.0;4.0;services;other;other;mother;1;1;0;no;yes;yes;N;yes;yes;;no;5;2;1;1;2;3;12;8;10;10
GP;F;17;U;LE3;T;3.0;2.0;other;other;reputation;mother;2;2;0;No;no;yes;no;Yes;Yes;yes;N;4;4;4;1;3;1;2;14;15;15
GP;F;17;U;GT3;T;4.0;3.0;other;other;reputation;;1;2;2;no;no;yes;N;yes;Yes;yes;yes;3;4;5;2;4;1;22;6;6;4
GP;M;18;U;LE3;T;;3.0;services;health;home;father;1;2;1;no;yes;yes;no;yes;Y;yes;no;3;2;4;2;4;4;13;6;6;8
GP;F;17;U;GT3;T;2.0;3.0;at_home;other;home;father;2;1;0;no;yes;yes;no;yes;yes;N;no;3;3;3;1;4;3;3;7;7;8
GP;F;17;U;GT3;T;2.0;2.0;at_home;at_home;course;mother;1;3;0;no;yes;yes;Y;yes;yes;yes;N;4;3;3;1;1;4;4;9;10;10
GP;F;17;R;GT3;T;2.0;1.0;at_home;services;reputation;mother;2;2;0;no;yes;no;yes;yes;yes;yes;no;4;2;5;1;2;5;2;6;6;6
GP;F;17;U;GT3;T;1.0;1.0;at_home;other;reputation;mother;1;3;1;no;yes;no;yes;yes;yes;no;yes;4;3;4;1;1;5;0;6;5;0
GP;F;16;U;GT3;T;2.0;3.0;services;teacher;other;mother;1;2;0;yes;no;No;no;yes;yes;yes;no;2;3;1;1;1;3;2;16;16;17
GP;M;18;U;GT3;T;2.0;2.0;other;other;home;mother;2;2;0;No;yes;yes;No;yes;yes;yes;no;3;3;3;5;5;4;0;12;13;13
GP;F;16;U;GT3;T;;4.0;teacher;services;home;mother;1;3;0;no;yes;no;yes;N;yes;yes;no;5;3;2;1;1;5;0;13;13;14
GP;F;18;R;GT3;T;3.0;1.0;other;other;reputation;mother;1;2;1;no;no;No;Yes;yes;yes;yes;yes;5;3;3;1;1;4;16;9;8;7
GP;F;17;U;GT3;T;3.0;2.0;other;other;course;mother;1;2;0;no;no;No;yes;no;yes;;no;5;3;4;1;3;3;10;16;15;15
GP;M;17;U;LE3;T;2.0;3.0;services;services;reputation;father;1;2;0;no;yes;yes;no;No;yes;;no;5;3;3;1;3;3;2;12;11;12
GP;M;18;U;LE3;T;2.0;1.0;at_home;other;course;mother;4;2;0;yes;;yes;yes;yes;Y;;yes;4;3;2;4;5;3;14;10;8;9
GP;F;17;U;GT3;A;;1.0;other;other;course;mother;2;3;0;no;N;no;Y;yes;yes;Y;yes;3;2;3;1;2;3;10;12;10;12
GP;F;17;U;LE3;T;4.0;3.0;health;other;reputation;father;1;2;0;No;No;no;yes;yes;yes;yes;yes;3;2;3;1;2;3;14;13;13;14
GP;M;17;R;GT3;T;2.0;2.0;other;other;course;father;2;2;0;no;yes;yes;yes;yes;yes;yes;no;4;5;2;1;1;1;4;11;11;11
GP;M;17;U;GT3;T;4.0;4.0;teacher;teacher;reputation;mother;1;2;0;yes;yes;no;Yes;yes;yes;;yes;4;5;5;1;3;2;14;11;9;9
GP;M;16;U;GT3;T;4.0;4.0;health;other;reputation;father;1;2;0;no;yes;yes;yes;Yes;yes;;no;4;2;4;2;4;1;2;14;13;13
GP;M;16;U;LE3;T;1.0;1.0;other;other;home;;2;2;0;N;yes;yes;no;yes;yes;yes;no;3;4;2;1;1;5;18;9;7;6
GP;M;16;U;GT3;T;3.0;2.0;at_home;other;reputation;mother;2;3;0;no;no;no;yes;Yes;yes;yes;yes;5;3;3;1;3;2;10;11;9;10
GP;M;17;U;LE3;T;2.0;;other;other;home;father;1;2;0;no;no;yes;yes;no;yes;yes;yes;4;4;2;5;5;4;4;14;13;13
GP;F;16;U;GT3;T;2.0;1.0;other;other;home;mother;1;1;0;no;no;no;no;yes;Y;Yes;yes;4;5;2;1;1;5;20;13;12;12
GP;F;17;R;GT3;T;2.0;1.0;at_home;services;course;mother;3;2;0;no;no;No;Yes;yes;Y;no;no;2;1;1;1;1;3;2;13;11;11
GP;M;18;U;GT3;T;2.0;;other;services;reputation;father;1;2;1;no;;no;No;yes;no;;no;5;5;4;3;5;2;0;7;7;0
GP;M;17;U;LE3;T;;3.0;health;other;course;mother;2;2;0;no;;no;yes;yes;yes;;yes;2;5;5;1;4;5;14;12;12;12
GP;M;17;R;LE3;A;4.0;;teacher;other;course;mother;2;2;0;no;yes;yes;no;yes;Yes;;No;3;3;3;2;3;4;2;10;11;12
GP;M;16;U;LE3;T;4.0;3.0;teacher;other;course;mother;1;1;0;no;;no;yes;no;yes;yes;no;5;4;5;1;1;3;0;6;0;0
GP;M;16;U;GT3;T;4.0;4.0;services;services;course;mother;1;1;0;no;;no;yes;yes;yes;yes;no;5;3;2;1;2;5;0;13;12;12
GP;F;18;U;GT3;T;2.0;1.0;other;other;course;other;2;3;0;no;yes;Y;N;N;yes;yes;yes;4;4;4;1;1;3;0;7;0;0
GP;M;16;U;GT3;T;2.0;1.0;other;other;course;;3;1;0;no;no;No;no;yes;yes;yes;no;4;3;3;1;1;4;80;18;18;18
GP;M;17;U;GT3;T;2.0;3.0;other;other;course;father;2;1;0;no;;no;no;yes;yes;yes;no;5;2;2;1;1;2;4;12;12;13
GP;M;22;U;GT3;T;3.0;1.0;services;services;other;mother;1;1;3;no;no;No;no;no;no;yes;Yes;5;4;5;5;5;1;16;6;8;8
GP;M;18;R;LE3;T;3.0;;other;services;course;mother;1;2;1;no;yes;no;no;yes;yes;yes;yes;4;3;3;1;3;5;8;3;5;5
GP;M;16;U;GT3;T;0.0;2.0;other;other;other;mother;1;1;0;no;no;yes;no;no;yes;Y;no;4;3;2;2;4;5;0;13;15;15
GP;M;18;U;GT3;T;3.0;2.0;services;other;course;mother;2;1;1;no;No;no;no;yes;no;yes;no;4;4;5;2;4;5;0;6;8;8
GP;M;16;U;GT3;T;3.0;3.0;at_home;other;reputation;other;3;2;0;yes;yes;no;no;no;yes;;No;5;3;3;1;3;2;6;7;10;10
GP;M;18;U;GT3;T;2.0;1.0;services;services;other;mother;1;1;1;no;no;no;no;no;N;yes;no;3;2;5;2;5;5;4;6;9;8
GP;M;16;R;GT3;T;2.0;1.0;other;other;course;;2;1;0;no;no;no;yes;no;yes;no;no;3;3;2;1;3;3;0;8;9;8
GP;M;17;R;GT3;T;2.0;1.0;other;other;course;mother;1;1;0;no;no;No;no;no;yes;yes;N;4;4;2;2;4;5;0;8;12;12
GP;M;17;U;LE3;T;;1.0;health;other;course;mother;2;1;1;no;Yes;no;Yes;yes;yes;yes;no;4;4;4;1;2;5;2;7;9;8
GP;F;17;U;LE3;T;4.0;2.0;teacher;services;reputation;mother;1;4;0;no;yes;yes;Yes;Y;yes;yes;no;4;2;3;1;1;4;6;14;12;13
GP;M;19;U;LE3;A;;3.0;services;at_home;reputation;mother;1;2;0;No;yes;no;no;yes;yes;yes;no;4;3;1;1;1;1;12;11;11;11
GP;M;18;U;GT3;T;2.0;1.0;other;other;home;mother;1;2;0;no;no;N;yes;yes;yes;;no;5;2;4;1;2;4;8;15;14;14
GP;F;17;U;LE3;T;2.0;2.0;services;services;course;father;1;4;0;no;no;yes;Y;yes;Yes;;yes;3;4;1;1;1;2;0;10;9;0
GP;F;18;U;GT3;T;4.0;3.0;services;other;home;father;1;2;0;no;yes;yes;no;yes;yes;yes;Y;3;1;2;1;3;2;21;17;18;18
GP;M;18;U;GT3;T;4.0;3.0;teacher;other;course;mother;1;2;0;no;yes;yes;no;No;yes;yes;no;4;3;2;1;1;3;2;8;8;8
GP;M;18;R;GT3;T;3.0;;other;other;course;mother;1;3;0;no;no;no;yes;no;yes;no;No;5;3;2;1;1;3;1;13;12;12
GP;F;17;U;GT3;T;3.0;3.0;other;other;home;mother;1;3;0;no;no;no;yes;no;yes;no;no;3;2;3;1;1;4;4;10;9;9
GP;F;18;U;GT3;T;2.0;2.0;at_home;services;home;mother;1;3;0;no;yes;yes;Y;yes;yes;Yes;yes;4;3;3;1;1;3;0;9;10;0
GP;M;18;R;LE3;A;3.0;4.0;other;other;reputation;mother;2;2;0;no;yes;Y;yes;Yes;yes;yes;no;4;2;5;3;4;1;13;17;17;17
GP;M;17;U;GT3;T;3.0;1.0;services;other;other;;1;2;0;no;;yes;yes;yes;yes;yes;yes;5;4;4;3;4;5;2;9;9;10
GP;F;18;R;GT3;T;4.0;4.0;teacher;other;reputation;mother;2;2;0;N;no;yes;Y;yes;Y;yes;N;4;3;4;2;2;4;8;12;10;11
GP;M;18;U;GT3;T;4.0;;health;other;reputation;father;1;2;0;no;yes;yes;yes;Y;yes;yes;Yes;5;4;5;1;3;5;10;10;9;10
GP;F;18;R;GT3;T;2.0;1.0;other;other;reputation;mother;2;2;0;no;yes;no;N;yes;no;yes;yes;4;3;5;1;2;3;0;6;0;0
GP;F;19;U;GT3;T;3.0;3.0;other;services;home;other;1;2;2;no;yes;yes;yes;yes;yes;yes;no;4;3;5;3;3;5;15;9;9;9
GP;F;18;U;GT3;T;2.0;;other;services;reputation;;1;4;0;no;yes;yes;yes;yes;yes;yes;yes;4;5;5;1;3;2;4;15;14;14
GP;F;18;U;LE3;T;1.0;1.0;other;other;home;mother;2;2;0;no;yes;yes;no;No;yes;;no;4;4;3;1;1;3;2;11;11;11
GP;M;17;R;GT3;T;1.0;2.0;at_home;at_home;home;mother;1;2;0;N;yes;yes;yes;no;yes;no;yes;3;5;2;2;2;1;2;15;14;14
GP;F;17;U;GT3;T;;4.0;at_home;health;reputation;mother;2;2;0;no;yes;yes;no;yes;yes;yes;yes;4;3;3;1;1;1;2;10;10;10
GP;F;17;U;LE3;T;2.0;2.0;services;other;course;mother;2;2;0;yes;yes;yes;no;yes;yes;yes;yes;4;4;4;2;3;5;6;12;12;12
GP;F;18;R;GT3;A;3.0;2.0;other;services;home;mother;2;2;0;no;no;no;no;no;N;yes;yes;4;1;1;1;1;5;75;10;9;9
GP;M;18;U;GT3;T;4.0;4.0;teacher;services;home;;2;1;0;no;no;yes;yes;yes;yes;yes;no;3;2;4;1;4;3;22;9;9;9
GP;F;18;U;GT3;T;4.0;4.0;health;health;reputation;father;1;2;1;yes;Y;no;yes;yes;yes;yes;yes;2;4;4;1;1;4;15;9;8;8
GP;M;18;U;LE3;T;4.0;3.0;teacher;services;course;mother;2;1;0;No;no;yes;yes;yes;yes;yes;no;4;2;3;1;2;1;8;10;11;10
GP;M;17;U;LE3;A;4.0;1.0;services;other;home;mother;2;1;0;no;no;yes;yes;yes;yes;yes;yes;4;5;4;2;4;5;30;8;8;8
GP;M;17;U;LE3;A;3.0;2.0;teacher;services;home;;1;1;1;No;no;no;no;Y;yes;;no;4;4;4;3;4;3;19;11;9;10
GP;F;18;R;LE3;T;;1.0;at_home;other;reputation;mother;2;4;0;no;;yes;Yes;Yes;yes;no;no;5;2;2;1;1;3;1;12;12;12
GP;F;18;U;GT3;T;1.0;;other;other;home;mother;2;2;0;yes;no;no;Yes;yes;yes;yes;no;5;4;4;1;1;4;4;8;9;10
GP;F;17;U;GT3;T;2.0;2.0;other;other;course;mother;1;2;0;no;yes;no;no;no;yes;yes;no;5;4;5;1;2;5;4;10;9;11
GP;M;17;U;GT3;T;1.0;1.0;other;other;reputation;father;1;2;0;no;no;yes;no;no;yes;yes;N;4;3;3;1;2;4;2;12;10;11
GP;F;18;U;GT3;T;2.0;2.0;at_home;at_home;other;mother;1;3;0;no;Y;Yes;no;Yes;yes;yes;N;4;3;3;1;2;2;5;18;18;19
GP;F;17;U;GT3;T;1.0;1.0;services;teacher;reputation;mother;1;3;0;no;yes;yes;no;Y;yes;Yes;no;4;3;3;1;1;3;6;13;12;12
GP;M;18;U;GT3;T;2.0;1.0;services;services;reputation;mother;1;3;0;no;no;yes;yes;yes;Yes;yes;No;4;2;4;1;3;2;6;15;14;14
GP;M;18;U;LE3;A;4.0;;teacher;teacher;reputation;mother;1;2;0;no;yes;yes;yes;Yes;yes;yes;no;5;4;3;1;1;2;9;15;13;15
GP;M;18;U;GT3;T;4.0;2.0;teacher;other;home;mother;1;2;0;no;Y;yes;yes;yes;yes;yes;Y;4;3;2;1;4;5;11;12;11;11
GP;F;17;U;GT3;T;4.0;3.0;health;services;reputation;mother;1;3;0;N;yes;yes;No;yes;yes;Y;no;4;2;2;1;2;3;0;15;15;15
GP;F;18;U;LE3;T;2.0;1.0;services;at_home;reputation;;1;2;1;no;no;no;no;yes;yes;yes;yes;5;4;3;1;1;5;12;12;12;13
GP;F;17;R;LE3;T;3.0;1.0;services;other;reputation;mother;2;4;0;N;yes;yes;no;yes;yes;no;no;3;1;2;1;1;3;6;18;18;18
GP;M;18;R;LE3;T;3.0;2.0;services;other;reputation;mother;2;3;0;no;yes;Yes;yes;yes;Y;;no;5;4;2;1;1;4;8;14;13;14
GP;M;17;U;GT3;T;3.0;3.0;health;other;home;mother;1;1;0;no;yes;yes;no;yes;yes;yes;no;4;4;3;1;3;5;4;14;12;11
GP;F;19;U;GT3;T;4.0;4.0;health;other;reputation;other;2;2;0;no;Y;yes;Y;yes;yes;yes;no;2;3;4;2;3;2;0;10;9;0
GP;F;18;U;LE3;T;4.0;3.0;other;other;home;;2;2;0;no;yes;Y;no;yes;Yes;Y;yes;4;4;5;1;2;2;10;10;8;8
GP;F;18;U;GT3;T;;3.0;other;other;reputation;father;1;4;0;no;yes;yes;no;yes;yes;yes;no;4;3;3;1;1;3;0;14;13;14
GP;M;18;U;LE3;T;4.0;;teacher;teacher;home;mother;1;1;0;no;yes;yes;no;yes;yes;yes;yes;1;4;2;2;2;1;5;16;15;16
GP;F;18;U;LE3;A;4.0;4.0;health;other;home;mother;1;2;0;no;yes;no;no;Y;yes;yes;yes;4;2;4;1;1;4;14;12;10;11
GP;M;17;U;LE3;T;;4.0;other;teacher;home;father;2;1;0;no;no;yes;no;Y;yes;yes;no;4;1;1;2;2;5;0;11;11;10
GP;F;17;U;GT3;T;;2.0;other;other;reputation;mother;2;3;0;no;yes;yes;no;yes;yes;Y;no;4;3;3;1;1;3;0;15;12;14
GP;F;17;U;GT3;T;3.0;2.0;health;health;reputation;father;1;4;0;no;Y;yes;yes;no;yes;yes;no;5;2;2;1;2;5;0;17;17;18
GP;M;19;U;GT3;T;3.0;3.0;other;other;home;other;1;2;1;no;yes;no;yes;Yes;yes;yes;yes;4;4;4;1;1;3;20;15;14;13
GP;F;18;U;GT3;T;;4.0;services;at_home;reputation;other;1;2;1;no;yes;yes;yes;yes;yes;;no;4;4;3;1;1;3;8;14;12;12
GP;M;20;U;GT3;A;3.0;2.0;services;other;course;other;1;1;0;no;no;no;yes;yes;yes;;no;5;5;3;1;1;5;0;17;18;18
GP;M;19;U;GT3;T;;4.0;teacher;services;reputation;other;2;1;1;no;Y;yes;no;Y;yes;yes;yes;4;3;4;1;1;4;38;8;9;8
GP;M;19;R;GT3;T;3.0;3.0;other;services;reputation;father;1;2;1;no;no;no;yes;Yes;yes;no;yes;4;5;3;1;2;5;0;15;12;12
GP;F;19;U;LE3;T;1.0;1.0;at_home;other;reputation;other;1;2;1;yes;yes;no;yes;no;yes;yes;no;4;4;3;1;3;3;18;12;10;10
GP;F;19;U;LE3;T;1.0;2.0;services;services;home;;1;2;1;No;;no;yes;no;yes;no;yes;4;2;4;2;2;3;0;9;9;0
GP;F;19;U;GT3;T;2.0;1.0;at_home;other;other;other;3;2;0;no;yes;no;N;yes;no;yes;yes;3;4;1;1;1;2;20;14;12;13
GP;M;19;U;GT3;T;1.0;2.0;other;services;course;other;1;2;1;no;no;N;N;no;yes;yes;no;4;5;2;2;2;4;3;13;11;11
GP;F;19;U;LE3;T;;2.0;services;other;reputation;other;2;2;1;no;yes;yes;no;no;yes;Yes;yes;4;2;2;1;2;1;22;13;10;11
GP;F;19;U;GT3;T;1.0;1.0;at_home;health;home;;1;3;2;no;no;no;no;no;yes;yes;yes;4;1;2;1;1;3;14;15;13;13
GP;F;19;R;GT3;T;2.0;3.0;other;other;reputation;;1;3;1;no;no;no;no;yes;Yes;Y;yes;4;1;2;1;1;3;40;13;11;11
GP;F;18;U;GT3;T;;1.0;services;other;course;mother;2;2;0;no;;yes;Y;yes;yes;yes;N;5;3;3;1;2;1;0;8;8;0
GP;F;18;U;GT3;T;4.0;3.0;other;other;course;mother;1;3;0;no;yes;yes;yes;yes;yes;yes;yes;4;3;4;1;1;5;9;9;10;9
GP;F;17;R;GT3;T;3.0;4.0;at_home;services;course;father;1;3;0;no;yes;yes;Yes;no;yes;yes;no;4;3;4;2;5;5;0;11;11;10
GP;F;18;U;GT3;T;4.0;4.0;teacher;other;course;mother;1;2;0;no;yes;yes;no;yes;yes;yes;no;4;4;4;3;3;5;2;11;11;11
GP;F;17;U;GT3;A;4.0;3.0;services;services;course;mother;1;2;0;no;yes;yes;N;yes;yes;yes;yes;5;2;2;1;2;5;23;13;13;13
GP;F;17;U;GT3;T;2.0;2.0;other;other;course;mother;1;2;0;N;yes;N;no;yes;yes;no;yes;4;2;2;1;1;3;12;11;9;9
GP;F;17;R;LE3;T;2.0;2.0;services;services;course;mother;1;3;0;no;yes;yes;yes;yes;yes;yes;no;3;3;2;2;2;3;3;11;11;11
GP;F;17;U;GT3;T;3.0;1.0;services;services;course;father;1;3;0;no;yes;no;No;no;yes;yes;no;3;4;3;2;3;5;1;12;14;15
GP;F;17;U;LE3;T;0.0;2.0;at_home;at_home;home;father;2;3;0;no;no;no;No;yes;yes;yes;no;3;3;3;2;3;2;0;16;15;15
GP;M;18;U;GT3;T;4.0;4.0;other;other;course;mother;1;3;0;no;no;no;yes;yes;yes;Yes;no;4;3;3;2;2;3;3;9;12;11
GP;M;17;U;GT3;T;3.0;3.0;other;services;reputation;;1;1;0;no;no;no;yes;no;yes;yes;no;4;3;5;3;5;5;3;14;15;16
GP;M;17;R;GT3;T;2.0;2.0;services;other;course;mother;4;1;0;no;Yes;no;no;yes;Yes;yes;no;4;4;5;5;5;4;8;11;10;10
GP;F;17;U;GT3;T;4.0;4.0;teacher;services;course;mother;1;3;0;no;yes;yes;yes;yes;yes;yes;N;5;4;4;1;3;4;7;10;9;9
GP;F;17;U;GT3;T;4.0;4.0;teacher;teacher;course;mother;2;3;0;N;Y;Y;no;no;yes;yes;yes;4;3;3;1;2;4;4;14;14;14
GP;M;18;U;LE3;T;2.0;2.0;other;other;course;mother;1;4;0;no;Yes;no;yes;yes;yes;yes;no;4;5;5;2;4;5;2;9;8;8
GP;F;17;R;GT3;T;2.0;4.0;at_home;other;course;father;1;3;0;no;Y;no;no;yes;yes;yes;yes;4;4;3;1;1;5;7;12;14;14
GP;F;18;U;GT3;T;3.0;3.0;services;services;home;mother;1;2;0;no;No;no;yes;yes;yes;yes;N;5;3;4;1;1;4;0;7;0;0
GP;F;18;U;LE3;T;2.0;2.0;other;other;home;other;1;2;0;no;no;no;yes;no;Yes;yes;yes;4;3;3;1;1;2;0;8;8;0
GP;F;18;R;GT3;T;2.0;2.0;at_home;other;course;mother;2;4;0;no;no;No;yes;Yes;Yes;N;N;4;4;4;1;1;4;0;10;9;0
GP;F;17;U;GT3;T;;4.0;services;other;course;mother;1;3;0;No;no;no;no;yes;Y;yes;no;4;4;5;1;3;5;16;16;15;15
GP;F;19;R;GT3;A;3.0;1.0;services;at_home;home;other;1;3;1;no;no;yes;no;yes;yes;no;no;5;4;3;1;2;5;12;14;13;13
GP;F;17;U;GT3;T;3.0;2.0;other;other;home;;1;2;0;no;yes;yes;no;yes;yes;yes;yes;4;3;2;2;3;2;0;7;8;0
GP;F;18;U;LE3;T;;3.0;services;services;home;mother;1;4;0;no;Y;no;no;yes;yes;yes;no;5;3;3;1;1;1;7;16;15;17
GP;F;17;R;GT3;A;3.0;2.0;other;other;home;mother;1;2;0;no;yes;yes;no;Y;yes;Yes;no;4;3;3;2;3;2;4;9;10;10
GP;F;19;U;GT3;T;2.0;1.0;services;services;home;other;1;3;1;no;;yes;yes;yes;Yes;yes;yes;4;3;4;1;3;3;4;11;12;11
GP;M;18;U;GT3;T;4.0;4.0;teacher;services;home;father;1;2;1;N;yes;no;yes;Y;yes;yes;No;4;3;3;2;2;2;0;10;10;0
GP;M;18;U;LE3;T;3.0;4.0;services;other;home;mother;1;2;0;no;no;no;yes;yes;yes;yes;yes;4;3;3;1;3;5;11;16;15;15
GP;F;17;U;GT3;A;2.0;;at_home;at_home;home;father;1;2;1;no;Yes;no;no;yes;yes;yes;yes;3;3;1;1;2;4;0;9;8;0
GP;F;18;U;GT3;T;2.0;3.0;at_home;other;course;mother;1;3;0;N;;no;no;Y;yes;yes;no;4;3;3;1;2;3;4;11;10;10
GP;F;18;U;GT3;T;3.0;2.0;other;services;other;mother;1;3;0;no;no;no;no;yes;yes;yes;yes;5;4;3;2;3;1;7;13;13;14
GP;M;18;R;GT3;T;4.0;3.0;teacher;services;course;mother;1;3;0;No;N;N;no;yes;Yes;yes;yes;5;3;2;1;2;4;9;16;15;16
GP;M;18;U;GT3;T;4.0;3.0;teacher;other;course;;1;3;0;no;yes;yes;no;yes;yes;Y;yes;5;4;5;2;3;5;0;10;10;9
GP;F;17;U;GT3;T;4.0;3.0;health;other;reputation;mother;1;3;0;no;yes;yes;yes;yes;yes;Y;yes;4;4;3;1;3;4;0;13;15;15
MS;M;18;R;GT3;T;3.0;2.0;other;other;course;mother;2;1;1;no;yes;no;no;no;yes;yes;no;2;5;5;5;5;5;10;11;13;13
MS;M;19;R;GT3;T;1.0;1.0;other;services;home;other;3;2;3;no;no;no;no;Yes;yes;yes;no;5;4;4;3;3;2;8;8;7;8
MS;M;17;U;GT3;T;3.0;3.0;health;other;course;mother;2;2;0;no;Yes;yes;no;Yes;yes;yes;no;4;5;4;2;3;3;2;13;13;13
MS;M;18;U;LE3;T;1.0;3.0;at_home;services;course;;1;1;1;no;no;no;no;yes;no;Y;yes;4;3;3;2;3;3;7;8;7;8
MS;M;19;R;GT3;T;1.0;1.0;other;other;home;other;3;1;1;No;yes;no;no;yes;yes;Y;no;4;4;4;3;3;5;4;8;8;8
MS;M;17;R;GT3;T;4.0;3.0;services;other;home;mother;2;2;0;no;yes;yes;yes;no;yes;yes;yes;4;5;5;1;3;2;4;13;11;11
MS;F;18;U;GT3;T;3.0;3.0;services;services;course;father;1;2;0;no;;N;no;yes;yes;no;Yes;5;3;4;1;1;5;120;10;9;9
MS;F;17;R;GT3;T;4.0;4.0;teacher;services;other;father;2;2;0;no;yes;Y;yes;yes;yes;yes;No;4;3;3;1;2;5;4;12;13;13
MS;F;17;U;LE3;A;3.0;2.0;services;other;reputation;mother;2;2;0;no;no;no;No;yes;yes;no;yes;1;2;3;1;2;5;2;12;12;11
MS;M;18;U;LE3;T;1.0;1.0;other;services;home;father;2;1;0;no;no;no;no;no;yes;yes;yes;3;3;2;1;2;3;4;10;10;10
MS;F;18;U;LE3;T;1.0;;at_home;services;course;;2;3;0;N;No;no;no;yes;Y;;No;5;3;2;1;1;4;0;18;16;16
MS;F;18;R;LE3;A;1.0;4.0;at_home;other;course;mother;3;2;0;no;No;no;no;yes;Yes;N;yes;4;3;4;1;4;5;0;13;13;13
MS;M;18;R;LE3;T;1.0;;at_home;other;other;mother;2;2;1;no;N;no;yes;no;no;no;N;4;4;3;2;3;5;2;13;12;12
MS;F;18;U;GT3;T;3.0;3.0;services;services;other;;2;2;0;no;yes;no;no;yes;yes;yes;yes;4;3;2;1;3;3;0;11;11;10
MS;F;17;U;LE3;T;4.0;4.0;at_home;at_home;course;mother;1;2;0;no;;yes;yes;yes;Y;yes;yes;2;3;4;1;1;1;0;16;15;15
MS;F;17;R;GT3;T;1.0;2.0;other;services;course;father;2;2;0;no;N;no;No;no;yes;no;no;3;2;2;1;2;3;0;12;11;12
MS;M;18;R;GT3;T;1.0;3.0;at_home;other;course;mother;2;2;0;no;;yes;no;yes;yes;no;no;3;3;4;2;4;3;4;10;10;10
MS;M;18;U;LE3;T;4.0;4.0;teacher;services;other;mother;2;3;0;no;no;yes;no;yes;Y;Yes;yes;4;2;2;2;2;5;0;13;13;13
MS;F;17;R;GT3;T;1.0;1.0;other;services;reputation;mother;3;1;1;no;yes;yes;No;yes;yes;yes;yes;5;2;1;1;2;1;0;7;6;0
MS;F;18;U;GT3;T;2.0;3.0;at_home;services;course;father;2;1;0;no;yes;yes;no;yes;yes;yes;yes;5;2;3;1;2;4;0;11;10;10
MS;F;18;R;GT3;T;4.0;4.0;other;teacher;other;father;3;2;0;no;;yes;no;No;yes;yes;yes;3;2;2;4;2;5;10;14;12;11
MS;F;19;U;LE3;T;3.0;2.0;services;services;home;other;2;2;2;no;;N;yes;Yes;yes;no;yes;3;2;2;1;1;3;4;7;7;9
MS;M;18;R;LE3;T;1.0;2.0;at_home;services;other;father;3;1;0;no;yes;yes;yes;yes;no;yes;yes;4;3;3;2;3;3;3;14;12;12
MS;F;17;U;GT3;T;2.0;2.0;other;at_home;home;mother;1;3;0;no;no;N;yes;Y;Yes;no;Yes;3;4;3;1;1;3;8;13;11;11
MS;F;17;R;GT3;T;1.0;2.0;other;other;course;mother;1;1;0;no;no;no;yes;yes;yes;yes;no;3;5;5;1;3;1;14;6;5;5
MS;F;18;R;LE3;T;4.0;4.0;other;other;reputation;mother;2;3;0;no;;no;no;yes;yes;yes;no;5;4;4;1;1;1;0;19;18;19
MS;F;18;R;GT3;T;1.0;1.0;other;other;home;mother;4;3;0;no;no;no;no;yes;yes;yes;no;4;3;2;1;2;4;2;8;8;10
MS;F;20;U;GT3;T;4.0;2.0;health;other;course;other;2;3;2;no;yes;yes;no;no;yes;yes;yes;5;4;3;1;1;3;4;15;14;15
MS;F;18;R;LE3;T;;4.0;teacher;services;course;mother;1;2;0;N;no;yes;Y;yes;yes;yes;no;5;4;3;3;4;2;4;8;9;10
MS;F;18;U;GT3;T;3.0;;other;other;home;mother;1;2;0;N;no;yes;no;yes;yes;yes;yes;4;1;3;1;2;1;0;15;15;15
MS;F;17;R;GT3;T;3.0;;at_home;other;reputation;mother;1;2;0;N;Y;yes;yes;no;Y;Yes;No;4;5;4;2;3;1;17;10;10;10
MS;M;18;U;GT3;T;4.0;4.0;teacher;teacher;home;father;1;2;0;no;;Y;yes;no;yes;Yes;no;3;2;4;1;4;2;4;15;14;14
MS;M;18;R;GT3;T;;1.0;other;other;other;mother;2;1;0;N;no;no;yes;no;yes;yes;Yes;4;4;3;1;3;5;5;7;6;7
MS;M;17;U;GT3;T;2.0;3.0;other;services;home;father;2;2;0;no;no;no;yes;yes;Y;yes;no;4;4;3;1;1;3;2;11;11;10
MS;M;19;R;GT3;T;1.0;1.0;other;services;other;mother;2;1;1;no;no;no;no;yes;yes;;no;4;3;2;1;3;5;0;6;5;0
MS;M;18;R;GT3;T;;;other;other;home;father;2;1;1;No;no;Y;N;yes;Y;no;no;5;4;3;4;3;3;14;6;5;5
MS;F;18;R;GT3;T;2.0;2.0;at_home;other;other;mother;2;3;0;No;no;yes;No;yes;yes;;no;5;3;3;1;3;4;2;10;9;10
MS;F;18;R;GT3;T;;;teacher;at_home;reputation;mother;3;1;0;no;yes;yes;yes;yes;yes;yes;Y;4;4;3;2;2;5;7;6;5;6
MS;F;19;R;GT3;T;2.0;3.0;services;other;course;mother;1;3;1;no;no;no;yes;no;yes;yes;no;5;4;2;1;2;5;0;7;5;0
MS;F;18;U;LE3;T;3.0;1.0;teacher;services;course;mother;1;2;0;no;yes;yes;no;Yes;yes;yes;no;4;3;4;1;1;1;0;7;9;8
MS;F;18;U;GT3;T;;;other;other;course;mother;2;2;1;no;no;no;Y;yes;yes;no;no;1;1;1;1;1;5;0;6;5;0
MS;M;20;U;LE3;A;;2.0;services;services;course;other;1;2;2;no;yes;yes;no;yes;Yes;no;No;5;5;4;4;5;4;11;9;9;9
MS;M;17;U;LE3;T;3.0;;services;services;course;mother;2;1;0;no;;no;no;no;yes;yes;no;2;4;5;3;4;2;3;14;16;16
MS;M;21;R;GT3;T;1.0;;other;other;course;other;1;1;3;no;no;no;no;no;yes;no;no;5;5;3;3;3;3;3;10;8;7
MS;M;18;R;LE3;T;3.0;2.0;services;other;course;mother;3;1;0;no;no;no;no;No;yes;Yes;no;4;4;1;3;4;5;0;11;12;10
MS;M;19;U;LE3;T;1.0;1.0;other;at_home;course;father;1;1;0;no;no;no;no;yes;yes;yes;no;3;2;3;3;3;5;5;8;9;9
GP;M;17;U;GT3;T;2.0;1.0;other;other;home;mother;2;1;3;yes;;no;yes;yes;no;yes;N;4;5;1;1;1;3;2;8;8;10
MS;M;18;R;LE3;T;1.0;2.0;at_home;services;other;father;3;1;0;no;yes;yes;yes;yes;no;yes;yes;4;3;3;2;3;3;3;14;12;12
GP;M;18;R;LE3;T;3.0;;other;services;course;mother;1;2;1;no;yes;no;no;yes;yes;yes;yes;4;3;3;1;3;5;8;3;5;5
GP;F;16;U;GT3;A;2.0;1.0;other;other;other;mother;1;2;0;no;No;yes;yes;yes;yes;;yes;5;3;4;1;1;2;8;8;9;10
MS;M;20;U;LE3;A;;2.0;services;services;course;other;1;2;2;no;yes;yes;no;yes;Yes;no;No;5;5;4;4;5;4;11;9;9;9
GP;M;18;U;GT3;T;2.0;2.0;other;other;home;mother;2;2;0;No;yes;yes;No;yes;yes;yes;no;3;3;3;5;5;4;0;12;13;13
GP;M;15;U;GT3;T;4.0;4.0;services;teacher;course;father;1;2;0;no;;no;yes;Yes;yes;yes;no;4;3;3;1;1;5;2;19;18;18
GP;M;16;U;LE3;T;1.0;1.0;other;other;home;;2;2;0;N;yes;yes;no;yes;yes;yes;no;3;4;2;1;1;5;18;9;7;6
